district,resort,venue_or_product,star,product_type,product_type_norm,price,monetize,booking_channel,audience,whats_included,hours,honest_note,source,accessed
Canggu,COMO Uma Canggu (COMO Beach Club),Day Pass - Beach Club,5,day_pass,day_pass,"IDR 500,000 adult / 250,000 child ++ [OFFICIAL]",COVERAGE,hotel/WhatsApp/concierge,AU-couples/families,"pool, towel, changing, 500,000 F&B credit, 1hr Play by COMO",pool 11-19; club 11-23,net-cost near-zero if you spend the credit,nowbali.co.id como-beach-club,2026-07-19
Canggu,COMO Uma Canggu,Day Pass - full resort (Uma),5,day_pass,day_pass,"IDR 800,000 adult / 250,000 child ++ [OFFICIAL]",COVERAGE,hotel/WhatsApp,wellness/AU-couples,"beach club pool, towel, 500k credit, wellness class, gym, 15% spa",09:00-21:00,adds wellness+gym over beach-club pass,nowbali.co.id como-beach-club,2026-07-19
Canggu,COMO Uma Canggu (COMO Beach Club),COMO Beach Club (a la carte),5,beach_club,beach_club,"daybed min-spend ~IDR 500,000 [BLOG]; official no seat price",COVERAGE,Chope/WhatsApp,AU-couples/surf/families,"beachfront pool, DJ, sunbeds, wellness menu",07:00-22:00,only luxury hotel beach club in Canggu,comohotels.com como-beach-club-canggu,2026-07-19
Canggu,COMO Uma Canggu,Sunday Brunch (Pawsome/Lazy Grazing),5,brunch,brunch,"IDR 680,000 adult / 340,000 child [OFFICIAL]; +880,000 free-flow",SEATED,Chope/email/WhatsApp,AU-couples/families/dog-owners,"24-dish sharing menu, kids Play, dog treats (Pawsome)",Sun 11:00-15:00,price conflict vs 2022 launch 520k; use 680k,comohotels.com pawsome-sunday-brunch,2026-07-19
Canggu,FINNS,FINNS Beach Club (general/daybeds),na,beach_club,beach_club,"no entry, NO official min-spend [OFFICIAL]; premium loungers ~2.5-3.2M before 1pm [BLOG]",COVERAGE,bookings.finnsbeachclub.com ONLY,party/young/AU,"multiple pools, swim-up bars, 11 bars, waterslides; towel 50k",11:00-24:00,#1 search-volume club; 'min-spend' = daybed package,finnsbeachclub.com/faq,2026-07-19
Canggu,FINNS,FINNS VIP Beach Club,na,beach_club,beach_club,"VIP Party Bed from 1,250,000 (4pax) to Cabana 10,000,000 (25pax) [OFFICIAL]",COVERAGE,bookings.finnsbeachclub.com,party/bachelor/AU,"welcome shooters+mimosas, sparkling, valet, bottle service, towels",till midnight,arrive before 2pm = save up to 50%,finnsbeachclub.com/venue/vip,2026-07-19
Canggu,La Brisa,La Brisa Bali,na,beach_club,beach_club,"no entry; premium table min-spend IDR 700,000++ to 2,600,000++ [OFFICIAL]",COVERAGE,WhatsApp/walk-in daytime,boho/AU-couples/sunset,"two pools, beanbags, boho decor, DJ, sunset; towel 50k",10:00-23:00,walk-in OK early; pre-book essential for sunset,labrisa-bali.com/faq,2026-07-19
Canggu,Atlas Beach Fest,Atlas Beach Club,na,beach_club,beach_club,"entry IDR 100,000 [BLOG]; seat min-spend 500k-1.5M standard, VIP 2-9M, VVIP 4-15M [OFFICIAL reseller]",COVERAGE,own site + Klook + GetYourGuide,party/nomads/groups,"min-spend redeemable; world's-biggest beach club, superclub, kids zone",10:00-24:00,entry fee AND separate seat min-spend,balibeachclubpass.com atlas,2026-07-19
Canggu,The Lawn,The Lawn Canggu,na,beach_club,beach_club,no entry; min-spend chairs/beanbags 350k/pax; sofa 1M; daybeds 2.5M/table [BLOG],COVERAGE,projectblack.co/WhatsApp,surf/AU-couples/sunset,"oceanfront lawn, pool, sunset DJ; towel 50k",10:00-22:00,iconic Batu Bolong sunset; deposits non-refundable,elsky-bali.com the-lawn-canggu,2026-07-19
Canggu,Desa Kitsune,Desa Kitsune,na,beach_club,beach_club,a la carte high-end; daybeds NO published min-spend [NO DATA],SEATED,WhatsApp/website,fashion/nomads/AU-couples,"French/Med/Japanese; daybeds, garden-pool, DJ, retail",07:00-23:30,Maison Kitsune brand; reservations essential,desakitsune.com,2026-07-19
Canggu,Vue Beach Club,Vue Beach Club Day Pass,na,day_pass,day_pass,"US$10.85 (~IDR 175,000) via Klook [OFFICIAL]; daybed upgrade extra",COVERAGE,Klook,budget/nomads,"pool access, complimentary drinks & snacks",[NO DATA],cheapest true pool day-pass in Berawa,klook.com/activity/22304,2026-07-19
Canggu,Swarga Suites Bali Berawa,Swarga Day Pass,4,day_pass,day_pass,"IDR 350,000 nett adult / 250,000 child [OFFICIAL]",COVERAGE,WhatsApp/phone/email,AU-couples/families/nomads,"main pool, sunbed, towel, 100k F&B credit, 10% off",[NO DATA],valid through 30 Sep 2026,swargasuitesbali.com/offers,2026-07-19
Canggu,Hotel Tugu Bali (Ji),JI Restaurant (signature),5,resort_restaurant,resort_restaurant,a la carte [NO DATA],SEATED,hotel/jirestaurantbali.com,luxury/AU-couples/romance,"Japanese/Asian grill, sushi & sake bar; antique-heritage setting",[NO DATA],"also IWA, Bale Sutra, Waroeng Tugu",tuguhotels.com bali dining,2026-07-19
Canggu,The Slow,The Slow Kitchen & Bar,4,resort_restaurant,resort_restaurant,a la carte [NO DATA],SEATED,website/WhatsApp/walk-in,fashion/nomads/AU-couples,all-day dining & bar; design-hotel brunch/dinner scene,[NO DATA],no formal pool day-pass published,thebaliguideline.com the-slow,2026-07-19
Canggu,Penny Lane,Penny Lane,na,resort_restaurant,resort_restaurant,"~IDR 300,000/pax [BLOG]",SEATED,Chope,nomads/AU/expats,"British pub-style, burgers, cocktails, live music",[NO DATA],book via Chope,thebaliguideline.com,2026-07-19
Canggu,MASONRY,MASONRY Grill & Bar,na,resort_restaurant,resort_restaurant,"large plates from IDR 140,000++ [BLOG]",SEATED,WhatsApp,AU-couples/groups,"wood-fired grill, European",[NO DATA],buzzing nightly; possible dedupe with 'Mason',thehoneycombers canggu,2026-07-19
Canggu,Shelter,Shelter Pererenan,na,resort_restaurant,resort_restaurant,"mains from IDR 110,000++ [BLOG]",SEATED,SevenRooms,AU-couples/nomads,Mediterranean/Middle-Eastern,[NO DATA],book ahead,thehoneycombers canggu,2026-07-19
Canggu,Numero Quattro,Numero Quattro,na,resort_restaurant,resort_restaurant,"mains from IDR 135,000++ [BLOG]",SEATED,E-Restaurants,AU-couples/romance,"contemporary Italian, beachfront",[NO DATA],advance reservation required,thehoneycombers canggu,2026-07-19
Canggu,Woods,Woods Pererenan,na,resort_restaurant,resort_restaurant,a la carte [NO DATA],SEATED,Chope/woodsbali.com,AU-couples/romance,rustic garden fine-dining,[NO DATA],book ahead,woodsbali.com/contact,2026-07-19
Canggu,Zai Cafe,Zai Cafe,na,resort_restaurant,resort_restaurant,a la carte [NO DATA],SEATED,cafezai.com (NowBookIt),nomads/AU-couples,Mediterranean/Middle-Eastern,[NO DATA],book via own site,cafezai.com/reservation,2026-07-19
Jimbaran,Four Seasons Jimbaran (Sundara),Sundara Beach Club — Daybed,5,day_pass,day_pass,"IDR 2,500,000++ /daybed (2 pax); +1,000,000++ extra [OFFICIAL]",COVERAGE,hotel form/WhatsApp/Klook,couples/luxury,"F&B credit, 57m pool, WiFi, towels",09:00-22:00,Official price 2x the legacy blog figure; book direct,sundarabali.com/beach-club,2026-07-19
Jimbaran,Four Seasons Jimbaran (Sundara),Sundara Sunday Pink Brunch,5,brunch,brunch,"IDR 1,250,000/adult; teen 625,000; free-flow alcohol from 780,000 [OFFICIAL]",SEATED,hotel form/email,couples/luxury,"seafood platter, a la carte, free-flow water/juice",Sun 11:30-15:00,pool/daybed access not guaranteed with brunch,sundarabali.com/menu/sunday-brunch,2026-07-19
Jimbaran,Four Seasons Jimbaran (Sundara),Sundara Day Pass (Klook),5,day_pass,day_pass,from US$46.95; 3-course lunch US$42.99 [OFFICIAL],COVERAGE,Klook,families/couples,beachfront dining + beach access,select date,"dining-led, not same as daybed rental",klook.com/activity/54271,2026-07-19
Jimbaran,AYANA Resort (Rock Bar),Rock Bar,5,resort_restaurant,resort_restaurant,min-spend by seat: Counter 300k; Tapas 350k; Dinner 550k; Daybed 1M/seat; Sofa 4.5M/seat [BLOG],SEATED,TableCheck,sunset/couples,clifftop bar 14m above sea; min-spend redeemable,16:00-24:00,sunset 16-17 guests-only; non-guests routed 19:30+,tablecheck ayana rockbar,2026-07-19
Jimbaran,AYANA Resort (Kisik),Kisik Lounge & Seafood,5,resort_restaurant,resort_restaurant,[NO DATA] premium cliffside seafood,SEATED,TableCheck/Chope,couples/seafood,pick-your-seafood grill on lava rock,opens 17:30,front-row sunset seats scarce,tablecheck ayana kisik,2026-07-19
Jimbaran,AYANA Resort (Dava),Dava Restaurant,5,resort_restaurant,resort_restaurant,"3-course set IDR 865,000 [BLOG]",SEATED,hotel/TableCheck,fine-dining/couples,"Argentine grill, Peruvian chef (rebranded Oct 2025)",dinner,open to non-villa guests,notquitenigella.com ayana,2026-07-19
Jimbaran,AYANA Resort,pool/beach day pass,5,day_pass,day_pass,N/A — no day pass sold [OFFICIAL],COVERAGE,—,—,—,—,all AYANA pools/beaches guests-only; access only via dining reservation,rollingalongwithkids.com,2026-07-19
Jimbaran,RIMBA by AYANA (UNIQUE),UNIQUE Rooftop Bar & Restaurant,5,resort_restaurant,resort_restaurant,[NO DATA],SEATED,TableCheck/Chope,couples/sunset/groups,"rooftop sunset dining, bay views",lunch & dinner,RIMBA is MICHELIN Guide hotel; verify min-spend direct,tablecheck ayana unique,2026-07-19
Jimbaran,InterContinental Bali Resort,Bale Kambang / pool day pass,5,day_pass,day_pass,"Rp 500,000 (incl 250,000 F&B/spa credit) [BLOG]",COVERAGE,hotel/concierge,families/couples,"lounger/umbrella, oceanfront pool, tennis, gym, spa access",[NO DATA],everyday day pass; verify direct (official page SSL error),thebeatbali.com,2026-07-19
Jimbaran,InterContinental Bali Resort,Sunday Brunch + pool (Silver/Gold/Platinum),5,brunch,brunch,"Silver 650k++; Gold 995k++; Platinum 1,195k++ [BLOG]",SEATED,direct,families/brunch,food + free-flow (varies by tier) + pool access,Sun 12:00-16:00,distinct from everyday day pass; bundles brunch+pool,rollingalongwithkids.com,2026-07-19
Jimbaran,InterContinental Bali Resort,Sunset Beach Bar & Grill,5,resort_restaurant,resort_restaurant,[NO DATA],SEATED,TableCheck,couples/sunset,"grilled/comfort food, beachfront, live music",11:00-23:00,non-guests via reservation,bali.intercontinental.com/dining,2026-07-19
Jimbaran,InterContinental Bali Resort,KO Japanese,5,resort_restaurant,resort_restaurant,[NO DATA],SEATED,TableCheck,couples/groups,"teppanyaki, sushi; weekly Izakaya Night",lunch 12-15; dinner 18:30-23,non-guests via TableCheck,bali.intercontinental.com/dining,2026-07-19
Jimbaran,Movenpick Jimbaran,International Sunday Brunch (Anarasa),5,brunch,brunch,"adult IDR 700,000++; kids 350,000++; free-flow +450,000++ [BLOG]",SEATED,email/WhatsApp,families/brunch,AYCE a la carte brunch + jacuzzi & pool access,Sun 11:00-17:00,brunch doubles as day-use (pool+jacuzzi),rollingalongwithkids.com,2026-07-19
Jimbaran,Belmond Jimbaran Puri,Nelayan Restaurant & Puri Bar,5,resort_restaurant,resort_restaurant,[NO DATA],SEATED,Chope/hotel,couples/luxury/seafood,Mediterranean + grilled seafood; beach BBQ,lunch & dinner,non-guests reserve via Chope; beachfront,belmond.com jimbaran-puri dining,2026-07-19
Jimbaran,Le Meridien Bali Jimbaran,Pool Day Pass (Pool Ritual),5,day_pass,day_pass,US$20.05 [OFFICIAL],COVERAGE,Klook,budget-luxury/families,"all-day pool, lounge, towels, facilities",[NO DATA],best-value 5-star pool pass; instant confirmation,klook.com/activity/151395,2026-07-19
Jimbaran,Vivara Bali,Pool Day Experience,4,day_pass,day_pass,"from IDR 211,750; Rejuvenation from 695,750 [OFFICIAL]",COVERAGE,DayPass app,budget-luxury/couples,pool + amenities (spa in Rejuvenation),[NO DATA],only Jimbaran property live on DayPass,book.daypassapp.com/jimbaran,2026-07-19
Jimbaran,Menega Cafe,Grilled seafood on sand,na,resort_restaurant,resort_restaurant,[NO DATA]; scene benchmark Rp 200-500k/pax,SEATED,WhatsApp/walk-in,couples/groups/sunset,"pick-from-counter grilled seafood, tables on sand",~11:00-21:30,OG Jimbaran seafood; arrive 16:30-17:00 for front-row,menega-cafe.wheree.com,2026-07-19
Jimbaran,Bawang Merah,Seafood packages,na,resort_restaurant,resort_restaurant,"Mini 280k; Basket 400k; Lobster 700k; sets 1,150k-2,625k ++ [OFFICIAL]",SEATED,WhatsApp/Chope/walk-in,families/groups,"set packages incl soup, grilled fish/prawns/crab, rice, dessert",12:00-22:00,best-documented seafood pricing; arrive before 17:30,jimbaranbayrestaurant.com/seafood-packages,2026-07-19
Jimbaran,Teba Cafe,Seafood dining & sunset,na,resort_restaurant,resort_restaurant,Silver US$12.67; Gold (lobster) US$26.02 [OFFICIAL],SEATED,Pelago/WhatsApp/walk-in,couples/budget/groups,set dining package,10:00-22:00,cheapest bookable seafood set,pelago.com teba-cafe,2026-07-19
Jimbaran,Kampoeng Seafood,Grilled seafood on sand,na,resort_restaurant,resort_restaurant,[NO DATA]; benchmark Rp 250-500k/pax,SEATED,WhatsApp/walk-in,families/groups,"pick-from-counter grilled seafood, beach tables",[NO DATA],larger Kedonganan-strip venue,water-sports-bali.com,2026-07-19
Nusa Dua,The Mulia & Mulia Resort,Day pass (pool/beach),5,day_pass,day_pass,[NO DATA],COVERAGE,Not on DayPass/Klook (effectively direct-only),luxury/honeymoon/couples,No public day-pass product found,[NO DATA],No priced day pass on any aggregator; ad-hoc pool pass only,book.daypassapp.com nusa-dua,2026-07-19
Nusa Dua,The Mulia & Mulia Resort,Soleil Sunday Brunch,5,brunch,brunch,"IDR 1,136,190 nett/adult; kids 6-11 482,790; <6 free [BLOG]",SEATED,EatApp; direct email/WhatsApp,luxury/families/couples/CN,"Mediterranean/Pan-Asian buffet, live grill, seafood bar; free-flow soft drinks",Sun 11:00-15:00,Price blog-sourced (Honeycombers Apr 2026); official hides price,honeycombers brunch,2026-07-19
Nusa Dua,The Mulia & Mulia Resort,Soleil (signature),5,resort_restaurant,resort_restaurant,a la carte [NO DATA],SEATED,EatApp + direct,luxury/couples/honeymoon,signature beachfront fine dining,daily,non-guest via EatApp,themulia.com soleil,2026-07-19
Nusa Dua,The Mulia & Mulia Resort,Table8 (Cantonese/Szechuan),5,resort_restaurant,resort_restaurant,a la carte/dim sum [NO DATA],SEATED,Chope + direct,luxury/CN/families,"Imperial Chinese, dim sum, weekend lunch buffet",daily lunch/dinner,non-guest via Chope,chope.co table8-bali,2026-07-19
Nusa Dua,The St. Regis Bali,Day pass,5,day_pass,day_pass,[NO DATA],COVERAGE,not offered,luxury/honeymoon,not offered; dining/spa access only,n/a,no day pass,rollingalongwithkids.com,2026-07-19
Nusa Dua,The St. Regis Bali,Kayuputi Saturday Brunch,5,brunch,brunch,"IDR 1,250,000 net food; +bev 1,650,000; +champagne 2,750,000 [OFFICIAL]",SEATED,SevenRooms,luxury/couples/honeymoon/expats,a la carte pass-around brunch,Sat 11:00-15:00,official kayuputibali.com,kayuputibali.com specials,2026-07-19
Nusa Dua,The St. Regis Bali,Kayuputi Astor Sunday Brunch,5,brunch,brunch,"IDR 1,650,000 net food; +bev 1,750,000; +premium 2,850,000 [OFFICIAL]",SEATED,SevenRooms,luxury/honeymoon/couples,Sunday a la carte pass-around brunch,Sun 11:00-15:00,official,kayuputibali.com specials,2026-07-19
Nusa Dua,The St. Regis Bali,Kayuputi (signature),5,resort_restaurant,resort_restaurant,a la carte/degustation [NO DATA],SEATED,TableCheck+Chope+SevenRooms,luxury/honeymoon/couples,beachfront Asian-inspired fine dining,daily 12:00-22:00,multi-channel,tablecheck st-regis-bali-kayuputi,2026-07-19
Nusa Dua,The Apurva Kempinski Bali,Reef Beach Club (day access),5,day_pass,day_pass,Free entry (dropped day-pass fee 2021); reserve ahead + seat min-spend/deposit 2026 [BLOG/2021 — VERIFY],COVERAGE,TableCheck (advance res),families/couples/expats/luxury,42m infinity pool + beach; pay-as-you-go F&B; watersports,~09:00-20:00,2021 press: no day-pass fee. But 2026 sources (official page + ELSKY Jun-2026) say advance reservation required and pool/beach seating carries min-spend — NOT a free walk-in swim. Field-verify by phone.,nowbali.co.id 2021 + elsky-bali.com Jun-2026 + kempinski.com (silent),2026-07-19
Nusa Dua,The Apurva Kempinski Bali,Brunchcation @ Pala,5,brunch,brunch,"IDR 798,000++/adult; kids 6-12 400,000++; <6 free [OFFICIAL]",SEATED,concierge phone/email; Chope,families/couples/expats/luxury,buffet+a la carte; welcome drink; free-flow soft; rooftop entertainment; pool/waterslide/beach,Sun 12:00-15:30,official 798k++ (not 750k),kempinski brunchcation,2026-07-19
Nusa Dua,The Apurva Kempinski Bali,Koral (aquarium fine dining),5,resort_restaurant,resort_restaurant,"set from IDR 1,200,000++/adult; tunnel from 3,000,000++/couple [OFFICIAL]",SEATED,TableCheck; resold Klook/Pelago,luxury/honeymoon/CN-JP,Bali first aquarium dining; bistronomic set menus,lunch 12-15; dinner 17:30-22:30,signature,kempinski koral,2026-07-19
Nusa Dua,The Apurva Kempinski Bali,Izakaya by OKU,5,resort_restaurant,resort_restaurant,a la carte [NO DATA],SEATED,likely TableCheck/concierge [inferred],luxury/couples/expats,open-kitchen Japanese izakaya,daily dinner,channel inferred,kempinski dining,2026-07-19
Nusa Dua,Sofitel Bali Nusa Dua,Day Escape (day pass),5,day_pass,day_pass,"IDR 350,000 [BLOG/DayPass]",COVERAGE,DayPass app,families/couples/expats,"pools, pool & beach bars, gym, beach, towel",day-use,entry-level; channel taken,book.daypassapp.com,2026-07-19
Nusa Dua,Sofitel Bali Nusa Dua,Culinary Escape (day pass),5,day_pass,day_pass,"IDR 550,000 [BLOG/DayPass]",COVERAGE,DayPass app,families/couples/expats,pool/beach/gym + dining element,day-use,inclusions not itemized,book.daypassapp.com,2026-07-19
Nusa Dua,Sofitel Bali Nusa Dua,Signature Escape (day pass),5,day_pass,day_pass,"IDR 800,000 [BLOG/DayPass]",COVERAGE,DayPass app,couples/luxury/expats,premium pool/beach + F&B,day-use,inclusions not itemized,book.daypassapp.com,2026-07-19
Nusa Dua,Sofitel Bali Nusa Dua,Serenity Escape (day pass),5,day_pass,day_pass,"IDR 1,300,000 [BLOG/DayPass]",COVERAGE,DayPass app,couples/honeymoon/luxury,top-tier day pass,day-use,highest tier,book.daypassapp.com,2026-07-19
Nusa Dua,Sofitel Bali Nusa Dua,Manarai Beach House,5,day_pass,day_pass,free entry; daybeds w/ F&B min-spend [BLOG],COVERAGE,direct WhatsApp,couples/expats/luxury,pool + beach; daybeds vs F&B spend,10:00-22:00,min-spend model,rollingalongwithkids.com,2026-07-19
Nusa Dua,Sofitel Bali Nusa Dua,Cucina Sunday Brunch,5,brunch,brunch,"IDR 888,000++/adult; child 6-12 388,000++; <6 free [OFFICIAL]",SEATED,ResDiary + WhatsApp,families/couples/expats/luxury,"fusion buffet ateliers, cheese/dessert, pool access",Sun 11:00-15:00,ex-Cut Catch Cucina; legacy 399k superseded,sofitelbalinusadua.com sunday-brunch,2026-07-19
Nusa Dua,Sofitel Bali Nusa Dua,Cucina (Italian signature),5,resort_restaurant,resort_restaurant,a la carte [NO DATA],SEATED,ResDiary,couples/honeymoon/luxury,Italian signature,dinner,non-guest via ResDiary,sofitelbalinusadua.com cucina,2026-07-19
Nusa Dua,Sofitel Bali Nusa Dua,Kwee Zeen (pan-Asian all-day),5,resort_restaurant,resort_restaurant,[NO DATA],SEATED,Dish Cult (Accor)/phone,families/expats,pan-Asian buffet+a la carte; breakfast venue,breakfast+all-day,CORRECTION: breakfast venue NOT the Sunday brunch (Cucina is),sofitelbalinusadua.com kwee-zeen,2026-07-19
Nusa Dua,The Westin Resort Nusa Dua,Wellness Day (day pass),5,day_pass,day_pass,"IDR 600,000 [BLOG/DayPass]",COVERAGE,DayPass app,wellness/couples/expats,wellness pool/spa/gym/beach,day-use,channel taken,book.daypassapp.com,2026-07-19
Nusa Dua,The Westin Resort Nusa Dua,Seaside Afternoon Tea (day pass),5,day_pass,day_pass,"IDR 464,000 [BLOG/DayPass]",COVERAGE,DayPass app,couples/families,afternoon tea + pool/beach,afternoon,inclusions not itemized,book.daypassapp.com,2026-07-19
Nusa Dua,The Westin Resort Nusa Dua,Sea Sip & Savor (day pass),5,day_pass,day_pass,"IDR 695,750 [BLOG/DayPass]",COVERAGE,DayPass app,couples/families,pool/beach + F&B,day-use,inclusions not itemized,book.daypassapp.com,2026-07-19
Nusa Dua,The Westin Resort Nusa Dua,Ultimate Dine & Dive (day pass),5,day_pass,day_pass,"IDR 968,000 [BLOG/DayPass]",COVERAGE,DayPass app,couples/luxury,premium dining + activity,day-use,top tier,book.daypassapp.com,2026-07-19
Nusa Dua,The Westin Resort Nusa Dua,Sunday Brunch @ Ikan,5,brunch,brunch,"IDR 695,000/person; <6 free [BLOG]",SEATED,Chope + WhatsApp + Marriott,families/expats,"welcome drink, beach & pool access, live entertainment, kids space, unlimited bites",Sun 12:00-16:00,"weekly, venue Ikan",balibuddies.com brunch,2026-07-19
Nusa Dua,The Westin Resort Nusa Dua,Prego Brunchissimo (monthly),5,brunch,brunch,"IDR 690,000++/adult; child 345,000++ [BLOG]",SEATED,Chope + WhatsApp,families/expats/CN-JP,"AYCE Italian buffet, welcome drink, pool/beach",month-end Sun 12:00-16:00,MONTHLY; possible overlap w/ Ikan brunch — verify,dineandwinebali.com prego,2026-07-19
Nusa Dua,The Westin Resort Nusa Dua,Prego (Italian signature),5,resort_restaurant,resort_restaurant,a la carte [NO DATA],SEATED,Chope + Marriott,couples/families,Italian signature,dinner,non-guest via Chope,chope.co prego-westin,2026-07-19
Nusa Dua,Grand Hyatt Bali,Day pass,5,day_pass,day_pass,[NO DATA],COVERAGE,none,n/a,not offered to non-guests,n/a,no day pass,rollingalongwithkids.com,2026-07-19
Nusa Dua,Grand Hyatt Bali,Sunday brunch,5,brunch,brunch,[NO DATA],SEATED,n/a,n/a,no distinct public Sunday brunch found; Garden Cafe daily buffet only,n/a,not on Hyatt pages nor roundups,hyatt.com grand-hyatt-bali dining,2026-07-19
Nusa Dua,Grand Hyatt Bali,Salsa Verde (Italian),5,resort_restaurant,resort_restaurant,a la carte [NO DATA],SEATED,phone/WhatsApp/email only,couples/luxury,"Italian fine dining, ocean-view",dinner ~17:30-22:00,no Chope/TableCheck,hyatt.com salsa-verde,2026-07-19
Nusa Dua,Grand Hyatt Bali,Nampu (Japanese/teppanyaki),5,resort_restaurant,resort_restaurant,[NO DATA],SEATED,phone/email,couples/JP,Japanese fine dining/teppanyaki,dinner,phone/email only,hyatt.com grand-hyatt dining,2026-07-19
Nusa Dua,Grand Hyatt Bali,Pasar Senggol (night-market+dance),5,resort_restaurant,resort_restaurant,buffet+show [NO DATA],SEATED,phone/email,families/CN-JP-IN packages,Balinese buffet + dance,Tue & Fri 18:00-22:00,twice-weekly cultural dinner,hyatt.com pasar-senggol,2026-07-19
Nusa Dua,Hilton Bali Resort,A Day in Paradise (day-use pkg),5,day_pass,day_pass,"IDR 1,700,000 (~USD 107) [BLOG]",COVERAGE,direct Tour Desk,families/couples,"private day-use ROOM + pool, beach, restaurants, fitness, tennis, waterslide, spa",09:00-17:00,direct-only; includes a room; may be dated,tripcanvas.co,2026-07-19
Nusa Dua,Hilton Bali Resort,Sunday brunch,5,brunch,brunch,[NO DATA],SEATED,n/a,n/a,no dedicated Sunday brunch; Grain daily breakfast only,n/a,none found,hilton.com dpsbahi dining,2026-07-19
Nusa Dua,Hilton Bali Resort,HamaSei (Japanese signature),5,resort_restaurant,resort_restaurant,a la carte [NO DATA],SEATED,email only,couples/JP/luxury,sashimi/sushi/teppanyaki/robatayaki,daily 17:00-22:00,opened 2025,hilton.com hamasei,2026-07-19
Nusa Dua,Hilton Bali Resort,Grain (all-day/buffet),5,resort_restaurant,resort_restaurant,a la carte/buffet [NO DATA],SEATED,Chope + email,families,international buffet + a la carte,bfast 06:30-10:30; dinner 18-22,on Chope,chope.co grain-hilton,2026-07-19
Nusa Dua,Paradisus by Melia Bali (ex-Melia Bali),Pool & Beach Day Pass,5,day_pass,day_pass,"IDR 500,000/adult tax incl; kids 0-11 50% [BLOG]",COVERAGE,DayPass app / Megatix / direct,families/couples,"beach, pools, loungers, towel, IDR 500,000 F&B credit, entertainment, WiFi",09:00-18:00,F&B credit = pass value; all-inclusive shift,worlddaypass.com melia,2026-07-19
Nusa Dua,Paradisus by Melia Bali,Sunday brunch,5,brunch,brunch,[NO DATA],SEATED,[NO DATA],families/couples,no current public price,[NO DATA],all-inclusive shift folds brunch into packages,melia.com melia-bali restaurants,2026-07-19
Nusa Dua,Paradisus by Melia Bali,Sateria + Tokimeku/Malva/Peseta/Samira,5,resort_restaurant,resort_restaurant,a la carte [NO DATA],SEATED,Chope + Melia.com,couples/families/luxury,"beachfront; Malva intl (ex El Patio), Tokimeku JP, Peseta ES, Samira ME",[NO DATA],El Patio->Malva under Paradisus,chope.co sateria-melia,2026-07-19
Nusa Dua,The Laguna (Luxury Collection),Lagoon Pool & Beach Day Pass,5,day_pass,day_pass,"LEGACY 2019: IDR 500,000/adult, 250,000/child + credit; current [NO DATA]",COVERAGE,DayPass + Chope + direct,families/couples,"7 lagoon pools + beach, resort credit, towels/lockers, WiFi",09:00-20:00 (legacy),only legacy figure; live page bot-blocked,highend-traveller.com laguna,2026-07-19
Nusa Dua,The Laguna (Luxury Collection),Sunday Beach & BBQ Brunch @ Arwana,5,brunch,brunch,"IDR 650,000 net/person [BLOG]",SEATED,Chope/phone/email,couples/families/expats,"seafood/BBQ intl buffet, oysters, mocktails, live music; kids 3-12 500k++",Sun 12:00-15:00,Bali Buddies 2026,balibuddies.com brunch,2026-07-19
Nusa Dua,The Laguna (Luxury Collection),Arwana (beachfront seafood),5,resort_restaurant,resort_restaurant,a la carte [NO DATA],SEATED,Chope,couples/luxury/honeymoon,beachfront seafood/international,11:00-23:00,non-guest via Chope,chope.co arwana-laguna,2026-07-19
Nusa Dua,Nusa Dua Beach Hotel & Spa (Handwritten Collection),Beach & Pool Day Pass,5,day_pass,day_pass,"IDR 450,000 net/adult; child 6-12 225,000; <6 free [BLOG]",COVERAGE,direct/WhatsApp (not on DayPass),families/couples,"pool+beach, spa facilities+25% off, gym, towels, kids club, WiFi",24h advance,Accor Handwritten; NOT Merusaka; 2 blogs corroborate,rollingalongwithkids.com,2026-07-19
Nusa Dua,Nusa Dua Beach Hotel & Spa (Handwritten Collection),Tetaring Balinese buffet+dance dinners,5,brunch,brunch,[NO DATA],SEATED,direct/phone/WhatsApp,families/couples/CN-JP-IN,Balinese dinner buffet + dance; Seafood BBQ & Fire Dance nights,evening,nightly cultural buffets (not Sunday-only),nusaduahotel.com balinese-fusion-buffet,2026-07-19
Nusa Dua,Nusa Dua Beach Hotel & Spa (Handwritten Collection),Raja's Balinese (+ Tetaring),5,resort_restaurant,resort_restaurant,a la carte [NO DATA],SEATED,WhatsApp only,families/couples,Balinese (Raja's); Indonesian (Tetaring),"Raja's Mon-Fri 08-20, Sun 08-18",Raja's/Tetaring belong here NOT Merusaka,nusaduahotel.com rajas,2026-07-19
Nusa Dua,Merusaka Nusa Dua (ex-INAYA Putri Bali),Pool Day Pass,5,day_pass,day_pass,"IDR 200,000 net/person; <5 free [BLOG]",COVERAGE,WhatsApp (direct),families,main pool; FoamTastic foam parties Wed & Sun 16-19,07:00-19:00,"Merusaka = ex-INAYA Putri Bali (2021), NOT ex-Nusa Dua Beach Hotel",rollingalongwithkids.com,2026-07-19
Nusa Dua,Merusaka Nusa Dua (ex-INAYA Putri Bali),Gading/Homaya/Ja'Jan + Paradise Beach Club,5,resort_restaurant,resort_restaurant,"a la carte [NO DATA]; Escape to Romance beachside dining from IDR 2,650,000/couple [OFFICIAL]",SEATED,direct/website/WhatsApp,families/couples/luxury,multiple restaurants + beach club,[NO DATA],restaurants are Gading/Homaya/Ja'Jan,merusaka.com,2026-07-19
Nusa Dua,Ayodya Resort Bali,Day Pass,5,day_pass,day_pass,"IDR 150,000 net/adult; child 75,000 [BLOG]",COVERAGE,WhatsApp/official (direct),families/CN-JP-IN packages,"pool + lounge chair, towel, kids club, IDR 100,000 spa voucher",10:00-23:00,~150k anchor; official page 404/429,rollingalongwithkids.com,2026-07-19
Nusa Dua,Ayodya Resort Bali,Sunday brunch,5,brunch,brunch,[NO DATA],SEATED,[NO DATA],families,none; a la carte + themed dinners only,[NO DATA],Dinner by the Waves only,ayodyaresortbali.com dining,2026-07-19
Nusa Dua,Ayodya Resort Bali,"Beach Club & Grill (+GENJI, Ganesha, Waterfall)",5,resort_restaurant,resort_restaurant,a la carte [NO DATA],SEATED,WhatsApp only,families/CN-JP-IN packages,beachfront grill; GENJI JP teppanyaki; Ganesha Indian; Waterfall Balinese,11:00-23:00,dedicated Indian+JP outlets = tour market,ayodyaresortbali.com dining,2026-07-19
Nusa Dua,"Amarterra Villas (Autograph, ex-MGallery)",Day pass,5,day_pass,day_pass,[NO DATA],COVERAGE,none found,couples/honeymoon,no public day pass found,[NO DATA],all-villa resort,marriott.com amarterra dining,2026-07-19
Nusa Dua,"Amarterra Villas (Autograph, ex-MGallery)",Maja + Amarterra by The Bay + Pool Terrace,5,resort_restaurant,resort_restaurant,a la carte [NO DATA],SEATED,Chope + Marriott + WhatsApp,couples/honeymoon/luxury,Maja Asian-fusion all-day; beach club; Pool Terrace tapas,Maja 06:30-23:00; beach club 09-18,rebrand MGallery->Autograph,chope.co maja-amarterra,2026-07-19
Nusa Dua,Courtyard by Marriott Nusa Dua,Day pass,4,day_pass,day_pass,[NO DATA],COVERAGE,none,families/couples,no day-use product,[NO DATA],confirmed no day pass,marriott.com courtyard dining,2026-07-19
Nusa Dua,Courtyard by Marriott Nusa Dua,MoMo Cafe (all-day) + afternoon tea,4,resort_restaurant,resort_restaurant,"MoMo 2 Go afternoon tea IDR 100,000/pax [OFFICIAL]; meals a la carte [NO DATA]",SEATED,direct,families/couples,all-day dining by lagoon; swim-up pool bar; beachfront bistro,MoMo 06:30-22:00; tea 14-17,casual not fine-dining,marriott.com courtyard dining,2026-07-19
Nusa Dua,Club Med Bali,All-Inclusive Day Pass,4-5,day_pass,day_pass,Day AUD 127.85 adult; Day+Eve AUD 213.09; ~IDR 1.26-1.57M/adult [BLOG],COVERAGE,Klook (channel taken); passport required,families,"buffet lunch (+dinner full), free-flow incl alcohol, all sports, Kids Club, pools, beach",Day 10-18 / Eve 18-24 / Full 10-24,highest-search Bali day pass,rollingalongwithkids.com,2026-07-19
Tanjung Benoa,Conrad Bali,Daycation Day Pass,5,day_pass,day_pass,"IDR 300,000++/adult [BLOG]; kids 50%",COVERAGE,Daycation app (channel taken),families/luxury,"lagoon pool, beach, lounger, bale, free bicycle & canoe, F&B credit",08:00-18:00,F&B credit conflict 150k vs 200k,daycationapp.com conrad-bali,2026-07-19
Tanjung Benoa,Conrad Bali,Eight Degrees South (signature beachfront),5,resort_restaurant,resort_restaurant,"a la carte IDR 35,000-1,100,000+ per item (+21%) [OFFICIAL]",SEATED,TableCheck + email,couples/luxury,"signature seafood & steaks, ocean views, 80 seats",lunch 11:30-17; dinner 18-22,item-level prices,hilton.com conrad eight-degrees-south,2026-07-19
Tanjung Benoa,Conrad Bali,Rin (Japanese),5,resort_restaurant,resort_restaurant,[NO DATA],SEATED,TableCheck + email,couples/luxury/JP,traditional & modern Japanese,[NO DATA],via TableCheck,tablecheck conrad-bali-rin,2026-07-19
Benoa,Novotel Bali Benoa,Day Pass,4,day_pass,day_pass,"IDR 225,000 nett/adult [OFFICIAL]; kids 0-12 free, 12-16 50%",COVERAGE,direct WhatsApp (official); DayPass; Megatix,families/couples,"IDR 100,000 F&B credit, 10% spa, 1h canoe, 1h paddleboard, lounger+towel, Fri yoga, beach/pool/gym",07:00-19:00,official; not channel-locked,novotelbalibenoa.com day-pass,2026-07-19
Benoa,Novotel Bali Benoa,Uluwatu Restaurant + Nanas Bar,4,resort_restaurant,resort_restaurant,[NO DATA],SEATED,direct/WhatsApp,families/couples,main buffet (breakfast + thematic dinners); beach restaurant & bar,Uluwatu dinners Tue/Thu/Fri,"casual; ""The Square"" is Novotel Nusa Dua not Benoa",novotelbalibenoa.com eat-drink,2026-07-19
Tanjung Benoa,Hotel Nikko Bali Benoa Beach,Nikko Day Pass,5,day_pass,day_pass,"IDR 250,000 net/adult (12+); <12 free [BLOG]",COVERAGE,WhatsApp (direct); official page exists,families/couples/luxury; JP-CN,"IDR 150,000 F&B credit; lagoon pool, gym, beach; locker/shower/towel; WiFi",08:00-17:00,official page 403; blog-sourced,rollingalongwithkids.com,2026-07-19
Tanjung Benoa,Hotel Nikko Bali Benoa Beach,Giorgio (Italian signature),5,resort_restaurant,resort_restaurant,[NO DATA],SEATED,direct/phone (no online),luxury/couples; JP-CN,Italian fine dining signature,daily exc Tue 17:00-22:30,signature,hotelnikkobali dining,2026-07-19
Tanjung Benoa,Hotel Nikko Bali Benoa Beach,NAGISA Izakaya (Japanese),5,resort_restaurant,resort_restaurant,[NO DATA],SEATED,direct/phone,JP-CN packages/couples,Japanese izakaya; robata & teppanyaki,Tue-Sun 17:00-23:00,caters to Japanese,hotelnikkobali dining,2026-07-19
Tanjung Benoa,Holiday Inn Resort Bali Benoa,Fun Day Pass,4,day_pass,day_pass,"IDR 250,000 net/person; <12 free [OFFICIAL]",COVERAGE,WhatsApp (official); DayPass app,families,"IDR 150,000 F&B credit; all-day pools, kids club, gym",all-day,"official; ""Benoa"" legacy name",balinusadua.holidayinnresorts.com fun-day-pass,2026-07-19
Tanjung Benoa,Holiday Inn Resort Bali Benoa,Nudi's Beach Bar & Restaurant,4,resort_restaurant,resort_restaurant,[NO DATA],SEATED,direct (no online),families/couples,"beachfront intl restaurant/bar, ocean views",11:00-22:00,closest to signature,ihg.com holidayinnresorts dpsbb dining,2026-07-19
Tanjung Benoa,The Sakala Resort Bali,Sakala Beach Club Day Pass,5,day_pass,day_pass,"adult IDR 290,000; child <12 170,000 [BLOG]",COVERAGE,direct call/email; Klook listing,couples/families/luxury/expats,"welcome cocktail + IDR 100,000 F&B voucher + towel + WiFi; infinity pool, swim-up bar, beach",09:00-22:00,channel partly on Klook,bestbeachclubsbali.com sakala,2026-07-19
Tanjung Benoa,The Sakala Resort Bali,Sakala Beach Club (beachfront dining),5,resort_restaurant,resort_restaurant,a la carte [NO DATA],SEATED,Chope + TableCheck + phone,couples/honeymoon/luxury/expats,beachfront seafood/intl; sunset dining,~09:00-22:00,signature non-guest outlet,chope.co sakala-beach-club,2026-07-19
Tanjung Benoa,The Royal Santrian,Day Dream day package,5,day_pass,day_pass,"IDR 1,000,000 nett/person [OFFICIAL]",COVERAGE,direct (form/phone/WhatsApp); DayPass,couples/honeymoon/luxury,"1 watersport (jet ski/parasail/banana), lunch at AllSpice, 30-min massage, pool/bicycle/canoe",12:00-16:00,official; advance res required,santrian.com royal-santrian day-dream,2026-07-19
Nusa Dua,The Ritz-Carlton Bali,Missoni Resort Club (day-club access),5,day_pass,day_pass,[NO DATA],COVERAGE,SevenRooms / phone,luxury/couples/families,"beach/day club, pool & beach access; Mediterranean dining",12:00-22:30,ex-La Baruna; now Missoni Resort Club,ritzcarlton.com dpssw dining,2026-07-19
Nusa Dua,The Ritz-Carlton Bali,Sunday brunch (Senses/Beach Grill),5,brunch,brunch,[NO DATA],SEATED,email/phone,luxury/families/couples,reviews reference a Sunday brunch; official shows Senses as breakfast only,[NO DATA],existence per TripAdvisor; verify,tripadvisor ritz-carlton-bali,2026-07-19
Nusa Dua,The Ritz-Carlton Bali,Bejana (Indonesian fine dining signature),5,resort_restaurant,resort_restaurant,a la carte [NO DATA],SEATED,SevenRooms + Chope + phone,luxury/couples/honeymoon,cliff-top Indonesian fine dining; chef's table,daily 18:00-22:30,signature; Bejana is Ritz-Carlton's,ritzcarlton.com dpssw dining,2026-07-19
Nusa Dua,The Ritz-Carlton Bali,The Beach Grill (signature beachfront),5,resort_restaurant,resort_restaurant,a la carte [NO DATA],SEATED,SevenRooms + phone,luxury/couples/families,"beachfront grill/seafood, ocean views",daily 12:00-22:30,second signature outlet,ritzcarlton.com dpssw dining,2026-07-19
Nusa Dua,Samabe Bali Suites & Villas,Day Pass with Lunch,5,day_pass,day_pass,[NO DATA] (Klook JS-gated),COVERAGE,Klook (channel taken),couples/honeymoon/luxury,"3-course lunch in private gazebo; watersports (catamaran, volleyball, Jenga); pool/beach",[NO DATA],exists on Klook; price not retrievable,klook.com samabe day-pass,2026-07-19
Nusa Dua,CANNA Nusa Dua (standalone day club),Daybed min-spend seating,n/a,day_pass,day_pass,"Deck Daybed from IDR 550,000 min-spend(1)/1,000,000(2); Pool Deck 850,000(1)/1,500,000(2); Sands Cabana 2,000,000(4) ++ [BLOG]",COVERAGE,TableCheck + Klook/GYG/Traveloka,couples/families/luxury/expats/CN-JP,no flat entry; min-spend F&B; ~5h; infinity pools+beach+snorkelling,10:00-22:00,standalone day club NOT a hotel,elsky-bali.com canna,2026-07-19
Tanjung Benoa,Grand Mirage Resort & Thalasso,day pass,5,day_pass,day_pass,[NO DATA] / likely discontinued [LEGACY],COVERAGE,Klook listing dead; official overnight-only,families/couples/AU-CN packages,if existed: 6 pools + beach + all-inclusive F&B,[NO DATA],treat as discontinued,rollingalongwithkids.com,2026-07-19
Tanjung Benoa,Sadara Boutique Beach Resort,Santai Beach House (beachfront),4,resort_restaurant,resort_restaurant,a la carte [NO DATA],SEATED,Chope,couples/honeymoon,beachfront Indonesian/intl,[NO DATA],non-guest via Chope; resort has no found day pass,chope.co santai-beach-house,2026-07-19
Nusa Dua,Renaissance Bali Nusa Dua,Steaksmith / Lion X / Tanah Liat / Backstage,5,resort_restaurant,resort_restaurant,a la carte [NO DATA],SEATED,Chope + WhatsApp,couples/families/business,Steaksmith steakhouse; Lion X Chinese dim sum; Tanah Liat seafood; Backstage intl,Steaksmith 18-22:30; Lion X 12-15 & 18-22:30,Chope for several outlets; no day pass found,marriott.com renaissance dining,2026-07-19
Sanur,Andaz Bali,Day Pass (via Fisherman's Club),5,day_pass,day_pass,"IDR 700,000++ adult (incl 350k F&B credit); child 6-12 350k++; <6 free [OFFICIAL]",COVERAGE,Hotel direct/phone/TableCheck,families/couples/luxury,"pool+beach, towel, F&B credit",dining 10:00-18:00,CONFLICT: blog lists cheaper 250k++ tier — reconcile,hyatt.com andaz fishermans-club,2026-07-19
Sanur,Hyatt Regency Bali,Resort Day Pass,5,day_pass,day_pass,"~IDR 250,000++ min F&B spend at Pizzaria (NOT a formal pass) [VERIFIED Jul-2026]",COVERAGE,Walk-in,families/couples,3 pools + towel,09:00-18:00,"No bookable day pass / not on DayPass app; ~250k++ min spend at Pizzaria, pool access at hotel discretion. Verified Jul-2026.",balibuddies.com day-passes,2026-07-19
Sanur,Griya Santrian,"""Fun Under the Sun"" Day Pass",4,day_pass,day_pass,"IDR 500,000 nett (incl 475k F&B credit) [OFFICIAL]",COVERAGE,website form/email/phone/WhatsApp,families/couples,"pool, gym, beach daybeds, towel, wifi",[NO DATA],Near full credit-back (~25k net) — strong SEO candidate,santrian.com fun-under-the-sun,2026-07-19
Sanur,Prama Sanur Beach,Pool/Super Day Pass,5,day_pass,day_pass,"IDR 150,000++ min-spend/adult, kids<12 free [BLOG]; official [NO DATA]",COVERAGE,pramahotels.com booking engine,families,pool + water slides,[NO DATA],Min-spend model not flat ticket; official price hidden,rollingalongwithkids.com,2026-07-19
Sanur,Segara Village (Byrd House Beach Club),Free beach-club entry,4,day_pass,day_pass,"FREE — no entry, no min-spend [BLOG]",COVERAGE,Walk-in; daybed byrdhousebali.com,families/couples/expats,"infinity pool, in-pool bar, beach, towel; pay F&B only",daily 06:30-23:00,Free entry monetized via F&B,bestbeachclubsbali.com byrd-house,2026-07-19
Sanur,InterContinental Bali Sanur (fmr Fairmont),Pool Day Pass,5,day_pass,day_pass,[NO DATA],COVERAGE,Official IHG site/concierge,families/couples/luxury,[NO DATA],[NO DATA],"Official product page exists, price not rendered; NOT on Klook; phone check needed",ihg.com dpsps pool-day-pass,2026-07-19
Sanur,Andaz Bali,Sunday Table Brunch @ Fisherman's Club,5,brunch,brunch,"IDR 590,000++ (soft) / 990,000++ (free-flow alcohol) [BLOG 2026]",SEATED,TableCheck/phone/email,couples/families/luxury/expats,"seafood raw bar, AYCE a la carte, pool access, live DJ/sax",Sun 12:00-17:00,2026 price blog-sourced; official confirms venue+booking,balibuddies.com brunch,2026-07-19
Sanur,Hyatt Regency Bali,Sunday Brunch @ Pizzaria,5,brunch,brunch,"IDR 590,000++ (non-alc); alcohol pkgs avail [BLOG 2026]",SEATED,phone/email,families/couples,"Italian+intl, seafood, pizza/pasta, desserts; live acoustic; kids playground",Sun 12:00-15:00,"Official confirms brunch+hours, no price; price from Bali Buddies",balibuddies.com brunch,2026-07-19
Sanur,The Meru Sanur,Family Sunday Brunch @ Arunika,5,brunch,brunch,"IDR 550,000++ (non-alc) / 1,100,000++ (alcohol) [OFFICIAL]",SEATED,TableCheck/WhatsApp/phone,families/couples,"family buffet brunch, live music, poolside",Sun 12:30-15:30,Official; cross-listed on balibeachsanur.com — avoid double-count,themerusanur.com exclusive-offers,2026-07-19
Sanur,InterContinental Bali Sanur (fmr Fairmont),Sunday Lobster Brunch @ Layang Layang/Nyala,5,brunch,brunch,"IDR 555,000++ food (newest) — venue MAY BE TEMPORARILY CLOSED [VERIFIED Jul-2026]",SEATED,Hotel phone,couples/luxury/expats,"buffet + a la carte lobster, raw bar, carving, live entertainment",12:00-15:00,Legacy 490k->555k++ on Chope but flagged temporarily closed; absent from official 2026 channels. Confirm before relying.,thebeatbali.com lobster-brunch,2026-07-19
Sanur,Mercure Resort Sanur,Themed AYCE Buffet Dinner @ Pandawa,4,buffet_dinner,brunch,"IDR 198,000 net (Seafood BBQ Thu/Fri) / 258,000 net (nightly) [OFFICIAL]",SEATED,WhatsApp/hotel site,families/couples/expats,"open buffet + grill/BBQ + desserts, cultural entertainment",18:00-21:00 various nights,DINNER buffet not Sunday brunch; official price,mercureresortsanur.com buffet,2026-07-19
Sanur,Andaz Bali,Fisherman's Club,5,resort_restaurant,resort_restaurant,a la carte [NO DATA],SEATED,TableCheck/phone,couples/luxury,"beachfront seafood, ocean views, beach access",dinner 18:00-23:00,CORRECTION: Fisherman's Club is SANUR not Jimbaran,hyatt.com andaz fishermans-club,2026-07-19
Sanur,InterContinental Bali Sanur (fmr Fairmont),Pier Eight,5,resort_restaurant,resort_restaurant,a la carte [NO DATA],SEATED,WhatsApp/email; Chope,couples/luxury/families,"BEACHFRONT (Semawang), Western+Asian fusion, live music, Sat fire dance",11:00-22:00,CORRECTION: Pier Eight is InterContinental SANUR not Jimbaran,balisanur.intercontinental.com dining,2026-07-19
Sanur,InterContinental Bali Sanur (fmr Fairmont),Nyala Beach Club & Grill,5,resort_restaurant,resort_restaurant,a la carte [NO DATA],SEATED,WhatsApp; Chope,couples/families,"Mediterranean grill, poolside; hosts lobster brunch",11:00-18:00,Official IC Sanur dining,balisanur.intercontinental.com dining,2026-07-19
Sanur,The Meru Sanur,Arunika,5,resort_restaurant,resort_restaurant,3-course IDR 400k; a la carte from 95k; 4-course 650k [OFFICIAL],SEATED,TableCheck/Chope/WhatsApp/phone,families/couples,"all-day dining, local+intl, live stations, garden pool",bfast 06:30-10:30; all-day 12:00-23:00,Official; all-day (not strict fine-dining),themerusanur.com arunika,2026-07-19
Sanur,The Meru Sanur,Roso,5,resort_restaurant,resort_restaurant,"Rasa Nusa Fri IDR 650,000++; family set from 500k [OFFICIAL]",SEATED,TableCheck/hotel,couples/families/expats,"Indonesian/heritage, themed dinners",Fri 18:00-21:00,"Cross-listed balibeachsanur.com — attribution unclear, verify",themerusanur.com exclusive-offers,2026-07-19
Sanur,Hyatt Regency Bali,Omang Omang,5,resort_restaurant,resort_restaurant,bfast buffet IDR 320k++; BBQ Fri/Sat 620k++ [OFFICIAL],SEATED,TableCheck/phone/email,families/couples,"signature Indonesian & grill, poolside","bfast 06:30-11:00, lunch-dinner to 23:00",Official; Hyatt signature Indonesian,hyatt.com omang-omang,2026-07-19
Sanur,Hyatt Regency Bali,Pizzaria,5,resort_restaurant,resort_restaurant,a la carte [NO DATA],SEATED,phone/email,families/couples,"Italian, BEACHFRONT",11:00-23:00,Official; beachfront; hosts Sunday brunch,hyatt.com pizzaria,2026-07-19
Sanur,Maya Sanur Resort & Spa,Mayasari,5,resort_restaurant,resort_restaurant,[NO DATA],SEATED,phone/WhatsApp/email (no TableCheck/Chope),couples/luxury,"signature, floating gazebo seating, intl/local; not beachfront",bfast 07:00-11:00; rest [NO DATA],Official; Maya has NO day pass (confirmed),mayaresorts.com maya-sari,2026-07-19
Sanur,Maya Sanur Resort & Spa,Tree Bar,5,resort_restaurant,resort_restaurant,[NO DATA],SEATED,direct phone/WhatsApp,couples/expats,BEACHFRONT Mediterranean beach restaurant & bar,07:00-22:00,Official beachfront outlet; also Kuu (izakaya) & Rue (brunch/fusion),mayaresorts.com restaurant,2026-07-19
Sanur,Puri Santrian,Beach Club Restaurant,4,resort_restaurant,resort_restaurant,a la carte [NO DATA],SEATED,online inquiry form (24h),families/couples,"bistro between two pools, ocean terrace, bfast buffet+live cooking, themed dinners",daily 06:30-23:30,Official; no instant online system,santrian.com beach-club-restaurant,2026-07-19
Sanur,"Bali Beach Hotel, Heritage Collection (fmr Grand Inna)",Bali Beach Bar & Grill,5,resort_restaurant,resort_restaurant,a la carte [NO DATA],SEATED,hotel/WhatsApp/Linktree,families/couples,beachfront seafood & grill,17:00-22:00 (weather),Restored historic tower reopened 2024 (InJourney); shares estate+F&B w/ The Meru,balibeachsanur.com dining,2026-07-19
Sanur,Sudamala Resort Sanur,ARES Restaurant,4,resort_restaurant,resort_restaurant,a la carte [NO DATA],SEATED,Chope/phone/WhatsApp,couples/expats,"Balinese/Indonesian+intl, all-day, garden/poolside",all-day [NO DATA],Official; Chope confirmed; boutique inland,sudamalaresorts.com ares,2026-07-19
Sanur,Prama Sanur Beach,Basilico Italian Pavilion,5,resort_restaurant,resort_restaurant,a la carte [NO DATA],SEATED,direct email/phone (no TableCheck/Chope),couples/families,"authentic Italian, BEACHFRONT pavilion, wood-fired pizza",[NO DATA],Official; beachfront; direct booking only,pramahotels.com basilico,2026-07-19
Sanur,Prime Plaza Hotel Sanur (fmr Sanur Paradise Plaza),Sanur Harum,4,resort_restaurant,resort_restaurant,a la carte [NO DATA],SEATED,direct phone/WhatsApp/email,families/couples,Indonesian/Pan-Asian; NOT beachfront (inland garden),"bfast 06:30-10:30, dinner 18:00-23:00",DEDUPE: = former Sanur Paradise Plaza (same hotel),spph.pphotels.com sanurharum,2026-07-19
Sanur,Mercure Resort Sanur,Pandawa Restaurant,4,resort_restaurant,resort_restaurant,a la carte [NO DATA],SEATED,Dish Cult (Accor) + WhatsApp,families/couples,"BEACHFRONT all-day, European & Asian",daily 06:30-23:00,Official; non-guest bookable via Dish Cult,dishcult.com pandawa,2026-07-19
Sanur,Tandjung Sari,The Restaurant at Tandjung Sari,4,resort_restaurant,resort_restaurant,a la carte [NO DATA] official (~USD40pp blog est),SEATED,WhatsApp/phone (no online system),couples/luxury/heritage,Indonesian+intl/seafood; beachfront wantilan & tables on sand,daily 06:30-23:00,Heritage boutique (est 1962); NOT Café Batujimbar,tandjungsarihotel.com dining,2026-07-19
Seminyak,W Bali Seminyak,WET pool / WooBar day access,5,day_pass,day_pass,"free entry; daybed min-spend IDR 2,000,000++ up to 4pax; towel 40k [BLOG]",COVERAGE,DayPass app/walk-in,party/couples/SG-KR,pool access + daybed; min-spend redeemable,10:00-01:00,other sources quote 1-1.5M single daybed; verify,tripcanvas.co day-pass,2026-07-19
Seminyak,W Bali Seminyak,Starfish Bloo Sunday Brunch,5,brunch,brunch,"IDR 950,000++ pp (soft); tiers to ~3,200,000++ (champagne); child 475,000++ [BLOG]",SEATED,TableCheck/hotel,couples/party,buffet + pool access; upper tiers free-flow,Sun 12:00-15:30,base confirmed Honeycombers Jan 2026,thehoneycombers brunch,2026-07-19
Seminyak,W Bali Seminyak,Starfish Bloo / Fire / WooBar,5,resort_restaurant,resort_restaurant,[NO DATA],SEATED,TableCheck/walk-in,couples/party,Pan-Asian beachfront; grill; cocktails,to late,a la carte not verified,balibuddies.com,2026-07-19
Seminyak,The Legian Seminyak,The Restaurant (signature),5,resort_restaurant,resort_restaurant,"mains from IDR 320,000++ [BLOG]",SEATED,Chope/hotel,upscale/special-occasion,Asian-influenced fine dining; beachfront/pool views,07:00-22:00,most formal in-hotel signature,thehoneycombers seminyak,2026-07-19
Seminyak,Alila Seminyak,Seasalt Coastal Sunday Brunch,5,brunch,brunch,"IDR 650,000++ per adult (drinks extra) [BLOG]",SEATED,TableCheck,upscale/couples/families,"unlimited-to-order seafood & veg, welcome drink, live music",Sun 12:00-15:00,official page no price; legacy 2018 was 485k++,thehoneycombers brunch,2026-07-19
Seminyak,Alila Seminyak,Seasalt (signature seafood),5,resort_restaurant,resort_restaurant,[NO DATA],SEATED,TableCheck,upscale/couples,signature beachfront seafood/beach-club vibe,lunch-dinner,signature = Seasalt,hyatt.com alila-seminyak seasalt,2026-07-19
Seminyak,The Oberoi Bali,Kura Kura (signature),5,resort_restaurant,resort_restaurant,[NO DATA],SEATED,hotel,upscale/couples,thatched ocean-view fine dining; Frangipani daytime,Kura Kura 18:00-22:30,prices not verified,oberoihotels.com bali restaurants,2026-07-19
Seminyak,Double-Six Luxury Hotel,The Plantation Grill (signature),5,resort_restaurant,resort_restaurant,[NO DATA],SEATED,plantationgrillbali.com/hotel,couples/party/upscale,"colonial-glam grill/steakhouse; 1,700m2 rooftop sunset bar w/ pods",rooftop 17:00-23:00,set dinners via Luxury Escapes,double-six.com/dining plantation-grill,2026-07-19
Seminyak,Grand Seminyak (ex-Anantara),Day Pass with Afternoon Tea,5,day_pass,day_pass,US$30.65 regular / US$37.46 deluxe pp [BLOG],COVERAGE,Pelago,couples/SG-KR,"rooftop pool, daybed subject to availability, towel + afternoon tea",15:00-18:00,rebranded Anantara->Grand Seminyak Nov 2023,pelago.com anantara-seminyak-afternoon-tea,2026-07-19
Seminyak,Grand Seminyak (ex-Anantara),MoonLite Kitchen & Bar (rooftop),5,resort_restaurant,resort_restaurant,3-course set US$34.45; Afternoon Tea US$38.25 [OFFICIAL],SEATED,Klook/Chope/hotel,couples/party,"rooftop Asian/Indonesian, Indian Ocean sunset",afternoon-late,set-menu prices are Klook live listings,klook.com/activity/141996,2026-07-19
Seminyak,Grand Seminyak (ex-Anantara),MoonLite Sky Brunch (Sunday),5,brunch,brunch,[NO DATA],SEATED,grandseminyak.com/Klook,couples/party,rooftop Sunday 'Sky Brunch',Sunday,confirmed to exist; price not verified,balinews.co.id sky-brunch,2026-07-19
Seminyak,Hotel Indigo Bali Seminyak,SugarSand beach-club pool access,5,day_pass,day_pass,"free walk-in pool; daybed min-spend ~IDR 600,000/pax [BLOG]",COVERAGE,walk-in/SugarSand,party/couples/families/SG-KR,"infinity pool, shower, towels; daybed = min-spend",07:00-23:00,min-spend not access fee,tripcanvas.co day-pass,2026-07-19
Seminyak,Hotel Indigo Bali Seminyak,Makase / SugarSand (signature),5,resort_restaurant,resort_restaurant,[NO DATA],SEATED,hotel/walk-in,couples/party/SG-KR,Makase SE-Asian; SugarSand seaview izakaya/beach club,[NO DATA],dining refreshed since 2023,seminyak.hotelindigo.com/dining,2026-07-19
Seminyak,Courtyard by Marriott Seminyak,Backyard BBQ 'Smoke & Rhythm' (Sat),4,brunch,brunch,"IDR 425,000++ pp [OFFICIAL]",SEATED,hotel,families/couples,BBQ dinner at Lobby Garden w/ live music,Sat 18:00-21:00,NOT Sunday brunch; closest F&B event,marriott dpssm dining,2026-07-19
Seminyak,Peppers Seminyak,Pool day pass,4,day_pass,day_pass,"IDR 250,000 adult / 125,000 child (6-12) [BLOG]",COVERAGE,hotel phone,families/couples,"pool access, 10% restaurant disc, 20% spa disc",daily,new find; access fee with perks,tripcanvas.co day-pass,2026-07-19
Seminyak,U Paasha Seminyak,Rooftop pool day pass,4,day_pass,day_pass,"IDR 250,000 (incl 250,000 F&B credit) [BLOG]",COVERAGE,hotel,couples/SG-KR,"rooftop pool up to 4pax, max 6hr, towels, gym",[NO DATA],new find; F&B credit = pass price (net-zero),balibuddies.com day-passes,2026-07-19
Seminyak,Potato Head Beach Club,Sunset cover charge (peak entry),na,beach_club,beach_club,"IDR 200,000/pax (16:00-18:30), redeemable; free outside peak [OFFICIAL]",COVERAGE,potatohead.co/walk-in,upscale/sunset/party,redeemable on selected drinks,"Sun-Thu 10-24, Fri-Sat 10-02","cover is redeemable, not a pure gate fee",seminyak.potatohead.co/faq,2026-07-19
Seminyak,Potato Head Beach Club,Daybed min-spend (blog-reported),na,beach_club,beach_club,"IDR 1,500,000-2,500,000 (varies) [BLOG]",COVERAGE,website/walk-in,upscale/party,"daybed, pool access; redeemable F&B",09:00-24:00,CONFLICTS with official FCFS framing; verify,blog.getandride.com potato-head-min-spend,2026-07-19
Seminyak,Potato Head Beach Club,Kaum / a-la-carte dining,na,beach_club,beach_club,"seafood feast 1,850k (2-4pax); pizzas 180-250k; cocktails ~175k [OFFICIAL]",SEATED,website/TableCheck,upscale/couples,"seated Indonesian dining, no min spend",10:00-late,"pure dining, separate from beach-club access",seminyak.potatohead.co/feast,2026-07-19
Seminyak,Ku De Ta Bali,Daybed min-spend,na,beach_club,beach_club,"IDR 2,400,000 (100% F&B-redeemable) ++ [BLOG]",COVERAGE,kudeta.com/WhatsApp/Klook,upscale/couples/sunset,"daybed up to 3, sunset frontage; full prepay",08:00-late,non-refundable; +8% svc +10% tax,elsky-bali.com kudeta,2026-07-19
Seminyak,Mrs Sippy Bali,Pool club entry,na,beach_club,beach_club,"IDR 150,000/pax (incl towel) [BLOG]",COVERAGE,TableCheck/WhatsApp,party/SG-KR,general pool-club entry + towel; Sports Bar free,10:00-21:00,"genuine ENTRY FEE (rare), NOT redeemable",balibeachclubpass.com mrs-sippy,2026-07-19
Seminyak,Mrs Sippy Bali,Daybeds / cabana (min-spend),na,beach_club,beach_club,single daybed 750k; 5pax 2.5M; cabana 3M; lounge 10pax 6M [BLOG],COVERAGE,TableCheck/WhatsApp,party/SG-KR,pool daybed + dive-tower; entry incl; redeemable,10:00-21:00,two blogs agree on figures,balibeachclubpass.com mrs-sippy,2026-07-19
Seminyak,La Plancha,Beach beanbags (sunset),na,beach_club,beach_club,"~IDR 200,000/pax min-spend peak [BLOG]",COVERAGE,walk-in; Chope for balcony,sunset/party/budget,"beanbags on sand, front-row sunset; walk-in only",10:00-23:00,min-spend ~ order-a-drink; +7% svc +10% tax,baliholidaysecrets.com la-plancha,2026-07-19
Seminyak,Cafe Del Mar Bali,Day pass,na,beach_club,beach_club,"IDR 125,000-175,000 (~US$11) redeemable [OFFICIAL]",COVERAGE,Klook/website/WhatsApp,upscale/couples/sunset,"infinity-pool access, sunbed when avail, F&B credit",11:00-21:00,venue is Berawa/Canggu-adjacent; district flag,klook.com/activity/85626,2026-07-19
Seminyak,Mano Beach House,Seating tiers (min-spend),na,beach_club,beach_club,restaurant 150k; sofa/beanbag 200k; deck 300k; daybed 500k (per pax) [BLOG],COVERAGE,manobali.com/Chope/WhatsApp,couples/upscale/sunset,"beachfront seating, 4hr session",11:00-23:00,per-pax min-spend; redeemability unconfirmed,elsky-bali.com mano,2026-07-19
Seminyak,Mari Beach Club,Seating (min-spend),na,beach_club,beach_club,single seat 150-250k/pax; sunset stairs 250-350k; daybeds 2-3M; VIP bungalow 6.5-8M [OFFICIAL],COVERAGE,maribeachclub.com,party/sunset/upscale,single seat or daybed/bungalow + pool,day + evening slots,time-slotted per-person min-spend,maribeachclub.com min-spend,2026-07-19
Seminyak,Cocoon Beach Club,General entry / daybed,na,beach_club,beach_club,"free entry, NO published daybed min-spend (FCFS) [BLOG]",COVERAGE,WhatsApp/Chope,party/families,"pool, daybeds; happy-hour 2-4-1 cocktails 150k",11:00-23:00,two sources agree no fixed min-spend,balibeachclubpass.com cocoon,2026-07-19
Seminyak,Sunset Beach by Mrs Sippy,Single daybed,na,beach_club,beach_club,"IDR 300,000/pax min-spend [OFFICIAL]",COVERAGE,sunsetbeachbali.com/TableCheck,sunset/party/couples,"lawn couches, beanbags, pool daybeds; free entry; redeemable",10:00-late,standalone; NOT part of Hotel Indigo,sunsetbeachbali.com,2026-07-19
Seminyak,Merah Putih,Signature dinner,na,resort_restaurant,resort_restaurant,"mains from IDR 180,000++ [BLOG]",SEATED,Chope/phone,upscale/special-occasion/couples,award-winning modern Indonesian; bamboo temple architecture,12-15 & 17:30-late,reservation recommended esp dinner,merahputihbali.com/booking,2026-07-19
Seminyak,Mama San,Signature dinner,na,resort_restaurant,resort_restaurant,"mains from IDR 160,000++ [BLOG]",SEATED,SevenRooms,upscale/couples,Will Meyrick modern SE-Asian supper-club; cocktail lounge,12-14:30 & 17:30-22:30,reservation advised,mamasanbali.com/booking,2026-07-19
Seminyak,Saltlick,Signature steak dinner,na,resort_restaurant,resort_restaurant,"SALTLICK 500 set IDR 500,000 NET; a la carte per 100g [OFFICIAL]",SEATED,TableCheck/WhatsApp,upscale/couples,"premium steakhouse, dry-aged; beachfront sunset terrace",17:00-24:00,located within Ku De Ta complex,saltlickbali.com,2026-07-19
Seminyak,Sangsaka,Signature dinner,na,resort_restaurant,resort_restaurant,small plates 45-180k; mains 220-650k (+tax/svc) [OFFICIAL],SEATED,NowBookIt/WhatsApp,upscale/couples/special-occasion,modern Indonesian wood-fire; rooftop bar 'Di Atas',17:30-23:00 (dinner only),confirmed open,sangsakabali.com,2026-07-19
Seminyak,La Lucciola,Signature beachfront dinner,na,resort_restaurant,resort_restaurant,[NO DATA],SEATED,resOS/WhatsApp,couples/upscale/special-occasion,iconic beachfront Italian/Med; sunset views,bfast 9/lunch 12/dinner 17,reservations essential for sunset tables,lalucciolabali.com/booking,2026-07-19
Seminyak,Motel Mexicola,Signature party-dining,na,resort_restaurant,resort_restaurant,[NO DATA],SEATED,SevenRooms/email,party/groups/couples,"iconic Mexican party-dining; tacos, margaritas, DJ","from 11:00, late close",book ahead for groups & weekend nights,motelmexicola.info/seminyak/bookings,2026-07-19
Seminyak,Da Maria,Signature dinner,na,resort_restaurant,resort_restaurant,"lunch from IDR 100,000; a la carte [OFFICIAL]",SEATED,ResDiary/WhatsApp/Chope,party/couples/upscale,"modern Italian; pizza/pasta, late-night disco",Mon-Thu 17-late; Fri-Sun 12-late,books out weekends,damariabali.com,2026-07-19
Seminyak,Barbacoa,Signature dinner,na,resort_restaurant,resort_restaurant,[NO DATA],SEATED,NowBookIt/WhatsApp,upscale/couples/groups,Latin-American wood-fire; Black Angus & Wagyu,dinner from 17:30,institution since 2013,barbacoa-bali.com,2026-07-19
Ubud,Alila Ubud,Pool Day Pass,5,day_pass,day_pass,"IDR 350,000/pax; child 300,000 (incl 350,000 F&B credit) [OFFICIAL/BLOG]",COVERAGE,DayPass app/hotel,wellness/honeymoon/India,green two-tier Ayung-valley infinity pool; daybed; towel,10:00-18:00,iconic pool; credit ~offsets entry; high season may close to outside guests,book.daypassapp.com/ubud,2026-07-19
Ubud,Kamandalu Ubud,Awana Pool & Lounge Day Pass,5,day_pass,day_pass,"IDR 500,000/2pax (or 300,000/1pax) [BLOG]",COVERAGE,Klook/hotel,honeymoon/wellness,infinity pool; sundeck; 2 beers + pizza/burger,09:00-17:00,price rose from legacy 300k/2pax,klook.com/activity/24655,2026-07-19
Ubud,Padma Resort Ubud,Swim & Dine Day Pass,5,day_pass,day_pass,"IDR 500,000/pax; child 350,000 (incl 250,000 F&B credit) [OFFICIAL]",COVERAGE,WhatsApp/email,honeymoon/India/wellness,89m heated infinity pool; kids pool; towel,10:00-18:00,longest pool in Ubud; strong India-wedding audience,padmaresortubud.com swim-and-dine,2026-07-19
Ubud,Hanging Gardens of Bali,Pool + Dinner + Spa Day Pass,5,day_pass,day_pass,~USD 140/pax via ResortPass bundle; pool-only [NO DATA],COVERAGE,ResortPass/DayPass/WhatsApp,honeymoon/India/China,iconic two-tier jungle pool; 3-course dinner; 60min massage; 10% spa,pools 08:00-18:00,only bundled price verifiable; base pool-only unpublished,milesopedia.com hanging-gardens,2026-07-19
Ubud,Chapung SeBali (Jungle Fish),Jungle Fish Pool Bar,5,day_pass,day_pass,no entry; min F&B 250-350k/pax; daybed 500-800k/2; cave/hanging bed 1.2-2M [BLOG],COVERAGE,Klook/WhatsApp,China/honeymoon/culture,cliff-edge jungle infinity pool; seat reservation; towel 35k extra,~08:00-21:00,high-volume Instagram pool; min-spend model,elsky-bali.com jungle-fish,2026-07-19
Ubud,Kappa Senses Ubud,Kelapa Day Pass,5,day_pass,day_pass,"IDR 600,000 nett F&B credit / 2pax [BLOG]",COVERAGE,Megatix/Chope,honeymoon/wellness,pool via cabana/bed; towels; jungle swing,10:00-18:00,new French (Clarins spa) resort; verify availability,megatix.co.id kelapa-day-pass,2026-07-19
Ubud,Nandini Jungle (by Hanging Gardens),Pool Day Pass,4,day_pass,day_pass,"from IDR 605,000 [OFFICIAL]",COVERAGE,DayPass app,honeymoon/wellness,jungle infinity pool,[NO DATA],sister to Hanging Gardens,book.daypassapp.com/ubud,2026-07-19
Ubud,The Kayon Valley Resort,Pool Day Pass,4,day_pass,day_pass,"from IDR 350,000 [OFFICIAL]",COVERAGE,DayPass app,honeymoon/wellness,valley infinity pool,[NO DATA],distinct from Kayon Jungle,book.daypassapp.com/ubud,2026-07-19
Ubud,The Kayon Jungle Resort (Wanna Jungle),Wanna Jungle Pool Bar Day Pass,4,day_pass,day_pass,"IDR 500,000/pax (incl 500,000 F&B credit) [BLOG]",COVERAGE,Klook/hotel,honeymoon/China,three tiered infinity pools; pods/loungers; 15+ only,[NO DATA],signature 3-tier jungle pool,indonesia.tripcanvas.co,2026-07-19
Ubud,Athaya Ubud,Pool Day Pass,4,day_pass,day_pass,"IDR 300,000/pax [BLOG]",COVERAGE,hotel/WhatsApp,culture/wellness,outdoor pool; loungers; towel; WiFi,[NO DATA],budget-tier central Ubud,indonesia.tripcanvas.co,2026-07-19
Ubud,Bambu Indah,Pool Day Pass,5,day_pass,day_pass,"from IDR 1,028,500 [OFFICIAL]",COVERAGE,DayPass app,wellness/culture/honeymoon,natural swimming pool; eco-luxury bamboo estate (John Hardy),[NO DATA],premium eco/design; chlorine-free pool,book.daypassapp.com/ubud,2026-07-19
Ubud,The Westin Resort Ubud,Pool Day Pass,5,day_pass,day_pass,"IDR 150,000/pax (incl 150,000 F&B credit) [BLOG]",COVERAGE,hotel/online,family/wellness,infinity pool; whirlpool; towels; fitness,[NO DATA],cheapest 5-star pass in Ubud,balibuddies.com day-passes,2026-07-19
Ubud,Mandapa a Ritz-Carlton Reserve (Sawah Terrace),Mandapa Royal Sunday Brunch,5,brunch,brunch,"IDR 850,000++/pax [OFFICIAL]",SEATED,Chope,honeymoon/India/culture,Balinese+international brunch; Ayung valley views,Sun 12:30-15:30,also Indonesian Flavors family-style 850k/pax min 2,chope.co sawah-terrace mandapa,2026-07-19
Ubud,COMO Uma Ubud (Uma Cucina),Uma Cucina Sunday Brunch,5,brunch,brunch,"IDR 400,000++/pax [BLOG]",SEATED,Chope,honeymoon/wellness,AYCE Italian brunch; beer/cocktail add-ons,Sun 11:30-15:30,best value 5-star Sunday brunch in Ubud,thehoneycombers brunch,2026-07-19
Ubud,COMO Shambhala Estate (Glow),Glow Sunday Brunch,5,brunch,brunch,"IDR 650,000++/pax; child 325,000++ [BLOG]",SEATED,Chope,wellness/honeymoon,organic homegrown-produce brunch; 7 sections; live performance,Sun 11:00-14:30,strong 'healthy brunch' intent,thehoneycombers brunch,2026-07-19
Ubud,Four Seasons Sayan (Sokasi),Sokasi Farmer's Sunday Brunch,5,brunch,brunch,[NO DATA] price,SEATED,concierge/email,honeymoon/India/China,Balinese riverside brunch; Ayung River,Sun 11:30-15:30,#1-ranked resort; price not published online,fourseasons.com/sayan sokasi,2026-07-19
Ubud,Locavore NXT,Tasting Menu: The Source,independent,resort_restaurant,resort_restaurant,"IDR 2,200,000++; pairings 650k/850k/1.5M++ [OFFICIAL]",SEATED,Revasi (own platform),honeymoon/culture,multi-course degustation; Asia's 50 Best,dinner (reservation only),anchor 1.95M is stale; current 2.2M++,locavorenxt.com/nxt/menu,2026-07-19
Ubud,Nusantara by Locavore,Tasting / a la carte,independent,resort_restaurant,resort_restaurant,"from IDR 450,000 [BLOG]",SEATED,Revasi,culture/India,casual Indonesian archipelago cuisine,lunch+dinner,affordable Locavore sibling,revasi.net fine-dining-ubud,2026-07-19
Ubud,Mozaic,Signature Degustation,independent,resort_restaurant,resort_restaurant,"from IDR 1,100,000++ (6-course ~US$100) [BLOG]",SEATED,mozaic-bali.com/OpenTable,honeymoon/culture,French-Indonesian market degustation; Les Grandes Tables du Monde,dinner,official menus are PDFs (no live price),thehoneycombers ubud,2026-07-19
Ubud,Room4Dessert,Tasting Menu (9-course),independent,resort_restaurant,resort_restaurant,"from IDR 1,090,000++ [BLOG]",SEATED,room4dessert.com/Dish Cult,honeymoon/culture,9-course dessert-forward degustation; Will Goldfarb,16:00-22:00,site blocks crawlers; price from guide,thehoneycombers ubud,2026-07-19
Ubud,Viceroy Bali (Apéritif),Apéritif Restaurant,5,resort_restaurant,resort_restaurant,"7-course IDR 1,900,000++; 5-course 1,500,000++; veg 1,250,000++ [OFFICIAL]",SEATED,aperitif.com (TableCheck),honeymoon/India,'Guided By the Moon Cycle' degustation; colonial-glam,lunch 12-14; dinner 18-20:30,Apéritif is the fine-dining venue INSIDE Viceroy,aperitif.com/fine-dining-menus,2026-07-19
Ubud,Viceroy Bali (CasCades),CasCades Restaurant & Bar,5,resort_restaurant,resort_restaurant,[NO DATA],SEATED,hotel/OpenTable/Pelago,honeymoon,modern European; valley-view main restaurant,breakfast-dinner,Viceroy's second restaurant,dineandwinebali cascades,2026-07-19
Ubud,Capella Ubud (Api Jiwa),Api Jiwa,5,resort_restaurant,resort_restaurant,"Omakase IDR 1,500,000++ (12-course); from ~1,150,000++ [BLOG]",SEATED,WhatsApp/Capella concierge,honeymoon/China/culture,Asian charcoal omakase; open-fire; farm-to-table,dinner,Api Jiwa is at Capella Ubud,foodtravelbabe.com api-jiwa,2026-07-19
Ubud,Capella Ubud (Auriga),Auriga (main dining),5,resort_restaurant,resort_restaurant,[NO DATA],SEATED,Capella concierge/WhatsApp,honeymoon,all-day/main restaurant; Bill Bensley tented camp,[NO DATA],ultra-luxury Reserve-tier,capellahotels.com/capella-ubud dining,2026-07-19
Ubud,Mandapa a Ritz-Carlton Reserve (Kubu),Kubu,5,resort_restaurant,resort_restaurant,"Earth's Harvest 8-course IDR 1,250,000++; veg 1,150,000++; pairings 550k/1.65M [OFFICIAL]",SEATED,SevenRooms,honeymoon/India/culture,riverside cocoon degustation; zero-waste,17:30-23:00,most romantic degustation setting (riverside pods),kubuatmandapa.com/our-menus,2026-07-19
Ubud,Buahan a Banyan Tree Escape,Open Kitchen,5,resort_restaurant,resort_restaurant,[NO DATA],SEATED,phone/email,honeymoon/wellness/culture,'naked' jungle dining; 5-course; zero-waste Balinese,dinner 19:00-23:00,all-inclusive resort; outside-guest dining unconfirmed,banyantree.com buahan open-kitchen,2026-07-19
Ubud,Bisma Eight,Copper Kitchen & Bar (Rooftop),4,resort_restaurant,resort_restaurant,[NO DATA],SEATED,hotel/walk-in,culture/honeymoon,farm-to-table rooftop; Michelin Key boutique,[NO DATA],a la carte (no degustation),bisma-eight.com/drink-dine,2026-07-19
Ubud,Four Seasons Sayan (Ayung Terrace),Ayung Terrace,5,resort_restaurant,resort_restaurant,[NO DATA],SEATED,hotel/OpenTable,honeymoon/India/China,elevated Indonesian archipelago; treetop views,dinner,signature Indonesian fine dining,fourseasons.com/sayan ayung_terrace,2026-07-19
Ubud,COMO Uma Ubud (Uma Cucina),Uma Cucina (a la carte),5,resort_restaurant,resort_restaurant,[NO DATA] set price,SEATED,Chope,honeymoon/wellness,wood-fired Italian; valley views,lunch+dinner,see brunch row for 400k++,chope.co uma-cucina-ubud,2026-07-19
Ubud,Samsara Ubud (The Kelusa),The Kelusa,5,resort_restaurant,resort_restaurant,[NO DATA],SEATED,hotel,honeymoon,romantic Balinese/Asian; floating/private dining,[NO DATA],boutique villa resort; page rate-limited,samsaraubud.com/dining,2026-07-19
Ubud,Hujan Locale,a la carte,independent,resort_restaurant,resort_restaurant,"large plates from IDR 140,000++ [BLOG]",SEATED,hujanlocale.com/booking,culture/honeymoon,modern Asian street-food; Will Meyrick,lunch+dinner,"casual-fine, NOT a degustation",thehoneycombers ubud,2026-07-19
Ubud,Syrco BASE,Tasting Menu,independent,resort_restaurant,resort_restaurant,~US$100-140/pax (~IDR 1.6-2.2M) [BLOG],SEATED,syrcobase.com,honeymoon/culture,European-Indonesian degustation; chef Syrco Bakker (ex-Noma),dinner,top-tier Ubud degustation newcomer,revasi.net fine-dining-ubud,2026-07-19
Uluwatu,The Edge Bali (Oneeighty),Oneeighty Skypool day pass (GA),5,day_pass,day_pass,"IDR 700,000/adult incl 600,000 F&B credit; kids 4-11 200,000 [OFFICIAL]",COVERAGE,Chope,couples/IG-view,"cantilevered glass Skypool, towel, WiFi, up to 4hr",10:00-21:00,iconic glass pool 162m; Klook US$41.20; price has risen,oneeightybali.com/daypass,2026-07-19
Uluwatu,The Edge Bali (Oneeighty),Oneeighty VIP bed/cabana,5,day_pass,day_pass,VIP bed 3M (1M credit); Pool Cabana 4M (2M); Deluxe Cabana 7M (5M) [OFFICIAL],SEATED,Chope,groups/celebrations,"reserved bed/cabana, wine, cheese+canapes, pool, full day",10:00-21:00,high spend for prime cliff-pool beds,oneeightybali.com/daypass,2026-07-19
Uluwatu,The Edge Bali (Oneeighty),oneeighty° restaurant,5,resort_restaurant,resort_restaurant,a la carte [NO DATA],SEATED,Chope/WhatsApp,couples/fine-dining,clifftop fine dining at glass pool edge,10:00-21:00,same venue as dayclub,theedgebali.com/dining/oneeighty,2026-07-19
Uluwatu,Six Senses Uluwatu,Infinity pool day pass,5,day_pass,day_pass,"IDR 300,000++ incl 230,000 credit [LEGACY 2022, expired]; current [NO DATA]",COVERAGE,hotel email/phone,wellness/couples,"infinity pool, towel, chair",all day (2022),only verifiable figure is 2022; reconfirm direct,nowbali.co.id six senses,2026-07-19
Uluwatu,Six Senses Uluwatu,Cliff Bar / Rocka,5,resort_restaurant,resort_restaurant,[NO DATA],SEATED,Chope/hotel,sunset/couples,cliff-edge sunset cocktails; beach all-day dining,[NO DATA],pages robots-blocked; prices not public,chope.co cliff-bar-uluwatu,2026-07-19
Uluwatu,Renaissance Bali Uluwatu,Infinity Pool Day Pass,5,day_pass,day_pass,[NO DATA]; brief ~IDR 350k/US$24 unverified,COVERAGE,Klook,couples/budget-luxury,infinity pool + towel,[NO DATA],Klook listing non-rendering; confirm,klook.com/activity/73717,2026-07-19
Uluwatu,Renaissance Bali Uluwatu,Rii (rooftop) / Fishbone,5,resort_restaurant,resort_restaurant,[NO DATA],SEATED,hotel/Marriott,couples/sunset,rooftop sunset bar; seafood,[NO DATA],a la carte not verified,marriott dpsuw experiences,2026-07-19
Uluwatu,Bulgari Resort Bali,Indulgence Day Experience,5,day_pass,day_pass,"IDR 5,000,000++ /couple; fully credited to F&B [BLOG]",SEATED,concierge/hotel,ultra-luxury couples,"pool + private beach, tasting menu, mixology class, gift",[NO DATA],not a cheap pool pass; curated dining day,tropicalife.net bvlgari,2026-07-19
Uluwatu,Bulgari Resort Bali,Il Ristorante (Niko Romito) / La Spiaggia,5,resort_restaurant,resort_restaurant,[NO DATA],SEATED,concierge/hotel,ultra-luxury,Michelin Italian; cliff beach club 150m above sea,[NO DATA],access guests + day-experience buyers,tropicalife.net bvlgari,2026-07-19
Uluwatu,Alila Villas Uluwatu,Day pass (infinity pool),5,day_pass,day_pass,"IDR 750,000/pax incl 350,000 F&B credit [BLOG]",COVERAGE,hotel/concierge,couples/design/families,"cabana-style infinity pool, loungers, towel",[NO DATA],single blog source; often reservation-gated,thelocalbird.com.au,2026-07-19
Uluwatu,Alila Villas Uluwatu,CIRE / Sunset Cabana Bar,5,resort_restaurant,resort_restaurant,[NO DATA],SEATED,hotel/concierge,sunset/couples,all-day dining; adults cantilever sunset bar,[NO DATA],iconic sunset cabana,hyatt.com alila-villas-uluwatu dining,2026-07-19
Uluwatu,Anantara Uluwatu,Pool day pass (cliff infinity),5,day_pass,day_pass,"IDR 500,000 / ~US$32 [OFFICIAL-aggregator]",COVERAGE,DayPass app,couples/view,"cliff infinity pool, towel, facilities",[NO DATA],only Uluwatu resort live on DayPass aggregators,book.daypassapp.com/uluwatu,2026-07-19
Uluwatu,Anantara Uluwatu,360 Rooftop,5,resort_restaurant,resort_restaurant,[NO DATA],SEATED,Chope/phone,sunset/couples,"all-day rooftop, ocean views",bfast 07-10:30; lunch 11-17; dinner 17-23,also Botol Biru + SONO Teppanyaki,anantara.com 360-rooftop,2026-07-19
Uluwatu,Radisson Blu Bali Uluwatu,Filini (Italian),5,resort_restaurant,resort_restaurant,[NO DATA],SEATED,Chope,families/couples,Italian dining; large infinity pool on-site,[NO DATA],no verified public pool day pass,radissonhotels.com filini,2026-07-19
Uluwatu,Umana Bali LXR (ex-Banyan Tree Ungasan),Infinity Pool Pass + Romantic Dinner,5,day_pass,day_pass,[NO DATA] Klook non-rendering,SEATED,Klook,couples/honeymoon,clifftop infinity pool + set dinner,[NO DATA],rebrand Banyan Tree->Jumana->Umana LXR Hilton,klook.com/activity/49881,2026-07-19
Uluwatu,Umana Bali LXR (ex-Banyan Tree Ungasan),Ju-Ma-Na / Bamboo,5,resort_restaurant,resort_restaurant,[NO DATA],SEATED,hotel/concierge,couples/fine-dining,clifftop fine dining; all-day,[NO DATA],Ju-Ma-Na is the signature cliff restaurant,theluxevoyager.com jumana,2026-07-19
Uluwatu,Single Fin,Cliff sunset bar (Suluban),na,beach_club,beach_club,"no entry fee; seat min-spend [NO DATA]; pizza 145-175k, pours 150k [OFFICIAL]",SEATED,SevenRooms/email/WhatsApp,surfers/sunset/party,clifftop bar/restaurant; legendary Sunday Sessions,Mon-Sat 08-22; Wed & Sun to 02:00,book far ahead for sunset; VIP booth min-spend varies,singlefinbali.com,2026-07-19
Uluwatu,Ulu Cliffhouse,Cliff pool club (Padang Padang),na,beach_club,beach_club,seat min-spend not fixed publicly [NO DATA]; +10% tax +11% svc,SEATED,ResDiary/WhatsApp,adults/sunset/live music,adults-only cliff pool; daybed & cabana,08:00-late,confirm per date on booking screen,ulucliffhouse.com/pool-club,2026-07-19
Uluwatu,Savaya Bali,Cliff day/night club (Pecatu),na,beach_club,beach_club,"entry IDR 150,000; min-spend Staircase 1.5M/4pax to Cabana 10M/15pax; 100% F&B credit [BLOG]",SEATED,website/WhatsApp,21+ party/EDM,"infinity pool (21+), reserved seating, DJ programming",Fri 13-24; Sat 18-24; Sun 15-23:30; Mon-Thu 13-22,strictly 21+; sunset+headliner scarcity,explorethebali.com savaya,2026-07-19
Uluwatu,El Kabron,Cliff/Mediterranean club (Pecatu),na,beach_club,beach_club,free entry; seat min-spend table 400k/pax to VIP Royal 3M/6pax; F&B credit [BLOG],SEATED,WhatsApp/elkabron.com,couples/sunset/Med,"adults-only clifftop pool, Sunset Theater, Spanish/Med restaurant",11:00-24:00,"brief '350k entry' is a seat min-spend, not entry fee",explorethebali.com el-kabron,2026-07-19
Uluwatu,The Ungasan Clifftop (Sundays Beach Club),Sundays Beach Club — Daily Beach Pass,5,beach_club,beach_club,"adults IDR 800,000 incl 500k credit; kids 5-11 400,000 incl 250k; under 5 free [OFFICIAL]",COVERAGE,walk-in FCFS; WhatsApp VIP,families/couples/sunset,"inclinator, welcome drink, beanbag+umbrella, kayak/SUP/snorkel, sunset bonfire, towel",07:30-22:00,white-sand cove via inclinator; NOT Karma Beach,sundaysbeachclub.com/daily-beach-pass,2026-07-19
Uluwatu,Karma Kandara,Karma Beach — day pass,5,beach_club,beach_club,"IDR 800,000/person incl 500,000 credit; beds 800k-1.6M; front-row free; kids<5 free [BLOG]",COVERAGE,hotel/concierge,couples/secluded beach,"private beach via cable-car, welcome drink, towel, shuttle, watersports",10:00-21:00,figures vary by source (750k/300k credit); confirm,explorethebali.com karma-beach,2026-07-19
Uluwatu,Palmilla Beach Club,Cliff/beach pool club (Melasti),na,beach_club,beach_club,"entry IDR 100,000 (towel+welcome drink, voucher); VIP Sunbed 1M, Sofa 2.5M [BLOG]",SEATED,walk-in/online,couples/groups/sunset,"infinity pool, sunbeds/sofas, restaurant",~08:00-21:00,cheapest entry on the strip,explorethebali.com palmilla,2026-07-19
